begin	msa_original	l_effective	n_effective	repeat_region_length	divergence	pvalue
416	P,P,P,P,P,P,P	1	7.0	7	1e-10	0.0
246	STS,STS,ST-	3	2.6666666666666665	8	0.0939331055499634	0.00019999999999997797
