begin	msa_original	l_effective	n_effective	repeat_region_length	divergence	pvalue
210	SAS,SA-,SAS	3	2.6666666666666665	8	0.09808349617413331	0.00029999999999996696
