begin	msa_original	l_effective	n_effective	repeat_region_length	divergence	pvalue
20	SSV,SSV,SS-	3	2.6666666666666665	8	0.09149169930045167	0.00019999999999997797
