begin	msa_original	l_effective	n_effective	repeat_region_length	divergence	pvalue
617	SQS,SQS,SQ-	3	2.6666666666666665	8	0.09332275398758547	0.00019999999999997797
