begin	msa_original	l_effective	n_effective	repeat_region_length	divergence	pvalue
155	PGR,PGR,PG-	3	2.6666666666666665	8	0.22637939458597411	0.0
356	PGP,PGP,PGP,PGP,PGT	3	5.0	15	0.15484619147528078	0.0
332	GPP,GPP,GPP,GPP	3	4.0	12	1e-10	0.0
285	PGP,PGP,PGP,PGP	3	4.0	12	1e-10	0.0
186	PGP,PGP,PGP,PGP,PG-	3	4.666666666666667	14	0.1569824219436035	0.0
50	PGP,PGP,PGP	3	3.0	9	1e-10	0.0
