begin	msa_original	l_effective	n_effective	repeat_region_length	divergence	pvalue
1223	PGR,PGR,PG-	3	2.6666666666666665	8	0.22637939458597411	0.0
1424	PGP,PGP,PGP,PGP,PGT	3	5.0	15	0.15484619147528078	0.0
1400	GPP,GPP,GPP,GPP	3	4.0	12	1e-10	0.0
1353	PGP,PGP,PGP,PGP	3	4.0	12	1e-10	0.0
1254	PGP,PGP,PGP,PGP,PG-	3	4.666666666666667	14	0.1569824219436035	0.0
1118	PGP,PGP,PGP	3	3.0	9	1e-10	0.0
1003	PGP,AGP,PGP,PGP,PGP,PGP	3	6.0	18	0.1215820313256836	0.0
905	PGP,PGP,PG-	3	2.6666666666666665	8	0.2757568359823487	0.0
861	GPP,GPQ,GPP,GPP,GP-	3	4.666666666666667	14	0.32043457034841305	0.0
1050	PGL,PGL,KGD,PGV,PGL,PGA	3	6.0	18	0.65081787109375	0.0
931	PGP,AGL,PGV,PGR,EGP,PGF,PGL,PGP,PGP,PGR	3	10.0	30	0.731658935546875	0.0
